feeder_id,n_frequencies,rms_error_mean,rms_error_p90,rms_error_max,p95_error_mean,p95_error_p90,p95_error_max,p99_error_mean,p99_error_p90,p99_error_max,passes_strict_gate
A,149,0.021065678590530258,0.03117437939990746,0.16395448988565342,0.01778088258139657,0.031137582505028023,0.04138419986974196,0.03228470399857191,0.05647095310884853,0.09458974002460696,True
B,149,0.020196852513935867,0.036888708207980354,0.041723593640872816,0.03395906656292426,0.07079373642923083,0.10815266940004954,0.04731318811704115,0.10029337898973392,0.13010816067736472,True
C,149,0.03164681625342384,0.04668726362401429,0.05089436464326629,0.030972830411178563,0.0659317471591576,0.09649475529271605,0.037026032219716565,0.07632548501683824,0.13275869066489196,True
